{
  "main": "american-flights-api.raml",
  "name": "American Flights System API",
  "groupId": "16379725-c6e6-4e19-9d83-00a42298a8e4",
  "assetId": "american-flights-system-api",
  "version": "1.0.0",
  "classifier": "raml",
  "tags": [],
  "dependencies": [
    {
      "groupId": "68ef9520-24e9-4cf2-b2f5-620025690913",
      "assetId": "training-american-flight-data-type",
      "version": "1.0.1"
    },
    {
      "groupId": "68ef9520-24e9-4cf2-b2f5-620025690913",
      "assetId": "training-american-flights-example",
      "version": "1.0.1"
    }
  ],
  "descriptorVersion": "1.0.0",
  "organizationId": "16379725-c6e6-4e19-9d83-00a42298a8e4",
  "apiVersion": "v1",
  "originalFormatVersion": "1.0"
}